day,airline,origin_airport,stopover_airport,destination_airport,departure_delay,stopover_arrival_delay,stopover_departure_delay,destination_arrival_delay
7,AA,SFO,LAX,LAX,-7,-15,-5,-15
7,AA,SFO,LAX,LAX,-7,4,-6,4
7,AA,SFO,LAX,LAX,-5,6,3,6
7,AA,SFO,LAX,LAX,-5,-15,-5,-15
9,AA,SFO,PHX,PHX,-4,-3,-4,-3
9,AA,SFO,PHX,PHX,-12,6,-1,6
9,AA,SFO,PHX,PHX,-7,13,10,13
9,AA,SFO,PHX,PHX,-7,-1,2,-1
11,AA,SFO,DFW,DFW,-3,3,4,3
21,AA,SFO,CLT,CLT,18,3,0,3
22,B6,SFO,BOS,BOS,-3,20,31,20
22,B6,SFO,BOS,BOS,28,-7,0,-7
25,B6,SFO,FLL,FLL,-2,-17,-9,-17
25,B6,SFO,FLL,FLL,-3,-15,-2,-15
7,AA,SFO,CLT,CLT,-11,41,30,41
11,B6,SFO,BOS,BOS,-9,-8,-1,-8
11,B6,SFO,BOS,BOS,9,-3,-6,-3
11,B6,SFO,BOS,BOS,10,13,12,13
11,B6,SFO,BOS,BOS,10,19,-2,19
12,DL,SFO,DTW,DTW,-6,-17,0,-17
2,DL,SFO,LAX,LAX,-5,7,15,7
2,DL,SFO,LAX,LAX,-2,7,15,7
2,DL,SFO,LAX,LAX,26,7,-2,7
2,DL,SFO,LAX,LAX,-3,-4,-1,-4
2,DL,SFO,LAX,LAX,133,-1,4,-1
2,DL,SFO,LAX,LAX,28,-6,-2,-6
4,VX,SFO,LAS,LAS,12,3,-8,3
22,AA,SFO,CLT,CLT,209,44,33,44
22,AA,SFO,CLT,CLT,169,-4,6,-4
22,AA,SFO,CLT,CLT,32,-4,6,-4
22,AA,SFO,CLT,CLT,19,11,7,11
23,AS,SFO,SEA,SEA,1,2,32,2
29,B6,SFO,LAS,LAS,2,-8,6,-8
29,B6,SFO,FLL,FLL,-7,-5,11,-5
29,B6,SFO,FLL,FLL,-7,206,226,206
29,B6,SFO,LAS,LAS,10,-15,6,-15
29,B6,SFO,FLL,FLL,25,1,-6,1
29,B6,SFO,FLL,FLL,25,-4,-4,-4
29,DL,SFO,ATL,ATL,7,-13,8,-13
29,DL,SFO,ATL,ATL,16,-5,13,-5
29,DL,SFO,ATL,ATL,6,-5,13,-5
29,DL,SFO,ATL,ATL,1,-3,11,-3
30,DL,SFO,LAX,LAX,3,-27,7,-27
30,DL,SFO,LAX,LAX,0,-36,0,-36
30,DL,SFO,LAX,LAX,72,-20,10,-20
30,DL,SFO,LAX,LAX,79,2,42,2
2,AA,SFO,PHX,PHX,-6,2,4,2
2,AA,SFO,PHX,PHX,-7,40,14,40
2,AA,SFO,PHX,PHX,0,4,0,4
2,AA,SFO,PHX,PHX,-9,-9,4,-9
3,AA,SFO,ORD,ORD,-2,28,-1,28
3,AA,SFO,ORD,ORD,4,14,25,14
6,B6,SFO,LAS,LAS,24,-5,2,-5
6,B6,SFO,FLL,FLL,72,-15,0,-15
6,B6,SFO,LAS,LAS,62,-11,-2,-11
6,B6,SFO,FLL,FLL,91,2,15,2
7,AA,SFO,MIA,MIA,-10,2,5,2
7,AA,SFO,LAX,LAX,-4,9,-3,9
7,AA,SFO,LAX,LAX,41,-3,-8,-3
20,DL,SFO,LAX,LAX,66,-2,26,-2
20,DL,SFO,LAX,LAX,128,7,12,7
20,DL,SFO,LAX,LAX,166,-9,-3,-9
20,DL,SFO,LAX,LAX,166,8,29,8
23,B6,SFO,BOS,BOS,101,204,195,204
23,B6,SFO,BOS,BOS,101,260,265,260
23,B6,SFO,BOS,BOS,37,-8,-5,-8
24,DL,SFO,DTW,DTW,10,-16,-4,-16
18,AA,SFO,DFW,DFW,-4,-1,26,-1
19,AS,SFO,SEA,SEA,-3,-31,6,-31
19,AS,SFO,SEA,SEA,-7,-31,6,-31
20,DL,SFO,LAX,LAX,2,0,29,0
20,DL,SFO,LAX,LAX,-1,27,35,27
17,AA,SFO,DFW,DFW,-1,-27,-2,-27
17,AA,SFO,DFW,DFW,-2,-3,17,-3
19,DL,SFO,LAX,LAX,21,-17,16,-17
19,DL,SFO,LAX,LAX,-6,-1,29,-1
19,DL,SFO,LAX,LAX,25,16,36,16
1,AA,SFO,PHX,PHX,-13,32,44,32
1,AA,SFO,PHX,PHX,-6,61,80,61
1,AA,SFO,PHX,PHX,-5,-25,-3,-25
1,AA,SFO,PHX,PHX,-7,-16,0,-16
2,DL,SFO,ATL,ATL,-2,-22,-1,-22
2,DL,SFO,ATL,ATL,-1,90,70,90
2,DL,SFO,ATL,ATL,1,20,32,20
2,DL,SFO,ATL,ATL,-2,-20,-1,-20
5,B6,SFO,LAS,LAS,1,0,-2,0
5,B6,SFO,FLL,FLL,0,-3,-1,-3
5,B6,SFO,FLL,FLL,0,-7,0,-7
5,B6,SFO,LAS,LAS,7,-12,-7,-12
5,B6,SFO,FLL,FLL,27,-18,-4,-18
6,AA,SFO,MIA,MIA,3,6,1,6
6,AA,SFO,LAX,LAX,77,-7,-5,-7
6,AA,SFO,LAX,LAX,45,5,-6,5
6,AA,SFO,LAX,LAX,45,10,-7,10
6,AA,SFO,LAX,LAX,-2,5,-6,5
6,AA,SFO,LAX,LAX,-2,10,-7,10
6,AA,SFO,LAX,LAX,21,5,-6,5
9,VX,SFO,LAX,LAX,6,-20,-1,-20
9,VX,SFO,LAX,LAX,-5,-20,-1,-20
9,VX,SFO,LAX,LAX,-7,-6,-8,-6
9,VX,SFO,LAX,LAX,6,-8,1,-8
9,VX,SFO,LAX,LAX,-7,-8,1,-8
10,AA,SFO,DFW,DFW,-7,-12,0,-12
10,AA,SFO,DFW,DFW,-5,1,-3,1
11,DL,SFO,MSP,MSP,7,-15,-3,-15
11,AA,SFO,CLT,CLT,13,-2,1,-2
11,DL,SFO,MSP,MSP,178,-37,-9,-37
11,AA,SFO,CLT,CLT,-9,15,-1,15
11,AA,SFO,CLT,CLT,-3,1,-2,1
12,B6,SFO,BOS,BOS,10,-8,-4,-8
22,DL,SFO,ATL,ATL,6,24,23,24
22,DL,SFO,ATL,ATL,3,6,22,6
22,DL,SFO,ATL,ATL,12,16,14,16
22,DL,SFO,ATL,ATL,-5,-9,3,-9
23,AA,SFO,ORD,ORD,-1,28,18,28
23,AA,SFO,ORD,ORD,9,108,8,108
26,B6,SFO,FLL,FLL,1,12,12,12
26,B6,SFO,FLL,FLL,1,21,22,21
23,DL,SFO,DTW,DTW,9,176,128,176
24,AA,SFO,PHX,PHX,-2,-36,-5,-36
24,AA,SFO,PHX,PHX,0,3,17,3
24,AA,SFO,PHX,PHX,7,-20,10,-20
24,AA,SFO,PHX,PHX,10,-27,4,-27
25,DL,SFO,ATL,ATL,9,-14,1,-14
25,DL,SFO,ATL,ATL,9,425,429,425
25,DL,SFO,ATL,ATL,10,-14,3,-14
25,DL,SFO,ATL,ATL,15,-14,3,-14
26,DL,SFO,LAX,LAX,5,12,7,12
26,DL,SFO,LAX,LAX,-5,34,29,34
26,DL,SFO,LAX,LAX,16,-8,0,-8
28,VX,SFO,LAS,LAS,9,-17,0,-17
29,AA,SFO,LAX,LAX,-3,-33,-3,-33
29,AA,SFO,MIA,MIA,-2,-8,2,-8
29,AA,SFO,MIA,MIA,-5,95,125,95
29,AA,SFO,LAX,LAX,-4,18,42,18
29,AA,SFO,LAX,LAX,96,2,-5,2
29,AA,SFO,LAX,LAX,-1,2,-5,2
29,AA,SFO,MIA,MIA,-2,33,37,33
22,B6,SFO,FLL,FLL,87,27,33,27
22,B6,SFO,FLL,FLL,193,9,23,9
23,AA,SFO,MIA,MIA,7,73,57,73
23,AA,SFO,MIA,MIA,-4,61,50,61
23,AA,SFO,MIA,MIA,12,-9,2,-9
26,AA,SFO,LAX,LAX,-6,2,-5,2
28,AA,SFO,CLT,CLT,35,0,3,0
28,AA,SFO,CLT,CLT,-5,-17,0,-17
29,DL,SFO,LAX,LAX,10,-20,0,-20
29,DL,SFO,LAX,LAX,-5,-19,3,-19
29,DL,SFO,LAX,LAX,-3,-15,0,-15
29,DL,SFO,LAX,LAX,-3,-15,1,-15
29,DL,SFO,LAX,LAX,14,-4,22,-4
29,DL,SFO,LAX,LAX,11,15,35,15
29,DL,SFO,LAX,LAX,374,-24,6,-24
8,DL,SFO,LAX,LAX,-2,12,3,12
8,DL,SFO,LAX,LAX,3,12,3,12
8,DL,SFO,LAX,LAX,-3,4,-1,4
8,DL,SFO,LAX,LAX,-6,12,-4,12
8,DL,SFO,LAX,LAX,-3,-2,-3,-2
8,DL,SFO,LAX,LAX,-3,-2,-3,-2
9,AA,SFO,DFW,DFW,-7,-4,4,-4
9,AA,SFO,DFW,DFW,-2,-12,-4,-12
1,AA,SFO,ORD,ORD,7,88,90,88
1,AA,SFO,ORD,ORD,17,24,11,24
1,AA,SFO,ORD,ORD,1,24,11,24
4,B6,SFO,BOS,BOS,1,-5,-2,-5
4,B6,SFO,BOS,BOS,1,-7,-6,-7
4,B6,SFO,BOS,BOS,-5,-17,-9,-17
4,B6,SFO,BOS,BOS,-5,-13,-4,-13
4,B6,SFO,BOS,BOS,-9,-5,-2,-5
27,DL,SFO,ATL,ATL,6,-5,-3,-5
27,DL,SFO,ATL,ATL,76,23,30,23
27,DL,SFO,ATL,ATL,0,20,20,20
27,DL,SFO,ATL,ATL,14,10,4,10
27,DL,SFO,ATL,ATL,1,10,4,10
30,VX,SFO,LAS,LAS,20,-1,23,-1
30,VX,SFO,LAS,LAS,-3,-1,23,-1
31,AA,SFO,MIA,MIA,-2,-5,-2,-5
31,AA,SFO,MIA,MIA,-7,-20,-7,-20
27,VX,SFO,LAS,LAS,121,75,59,75
28,AA,SFO,ORD,ORD,-5,276,287,276
31,VX,SFO,LAX,LAX,6,-38,-1,-38
31,VX,SFO,LAX,LAX,-4,-31,-2,-31
31,VX,SFO,LAX,LAX,29,122,145,122
28,DL,SFO,LAX,LAX,-1,-31,6,-31
28,DL,SFO,LAX,LAX,-2,-11,-1,-11
28,DL,SFO,LAX,LAX,-4,16,-5,16
28,DL,SFO,LAX,LAX,-4,-33,-1,-33
28,DL,SFO,LAX,LAX,13,-12,0,-12
28,DL,SFO,LAX,LAX,28,-26,-1,-26
1,B6,SFO,FLL,FLL,-2,-5,14,-5
1,B6,SFO,FLL,FLL,-2,28,38,28
1,B6,SFO,FLL,FLL,6,-14,-5,-14
2,AA,SFO,MIA,MIA,0,27,36,27
2,AA,SFO,LAX,LAX,-5,1,-3,1
2,AA,SFO,LAX,LAX,-6,20,-7,20
2,AA,SFO,LAX,LAX,0,235,256,235
2,AA,SFO,LAX,LAX,-6,4,-5,4
2,AA,SFO,LAX,LAX,-6,4,-10,4
2,AA,SFO,LAX,LAX,-6,4,-5,4
6,AA,SFO,DFW,DFW,-7,-20,-4,-20
6,AA,SFO,DFW,DFW,-3,-8,-4,-8
7,DL,SFO,MSP,MSP,-3,-6,-2,-6
7,AA,SFO,CLT,CLT,-10,-7,3,-7
28,AA,SFO,DFW,DFW,0,78,86,78
28,AA,SFO,DFW,DFW,6,78,86,78
28,AA,SFO,DFW,DFW,1145,16,20,16
30,AA,SFO,ORD,ORD,6,69,95,69
24,DL,SFO,ATL,ATL,3,101,114,101
24,DL,SFO,ATL,ATL,-2,101,114,101
24,DL,SFO,ATL,ATL,66,60,78,60
24,DL,SFO,ATL,ATL,82,95,26,95
15,DL,SFO,LAX,LAX,5,-19,5,-19
15,DL,SFO,LAX,LAX,-2,-19,5,-19
15,DL,SFO,LAX,LAX,-3,-34,-5,-34
15,DL,SFO,LAX,LAX,-2,-23,-6,-23
15,DL,SFO,LAX,LAX,-5,-28,0,-28
15,DL,SFO,LAX,LAX,-5,-9,-1,-9
15,DL,SFO,LAX,LAX,-2,-28,0,-28
18,B6,SFO,BOS,BOS,102,-2,-1,-2
18,B6,SFO,BOS,BOS,35,45,36,45
8,VX,SFO,LAX,LAX,3,15,14,15
8,VX,SFO,LAX,LAX,-4,15,14,15
8,VX,SFO,LAX,LAX,-7,5,-4,5
8,VX,SFO,LAX,LAX,-8,20,-3,20
8,VX,SFO,LAX,LAX,0,0,-1,0
8,VX,SFO,LAX,LAX,-5,0,-1,0
11,DL,SFO,ATL,ATL,-1,-1,2,-1
11,DL,SFO,ATL,ATL,5,-2,0,-2
11,DL,SFO,ATL,ATL,2,-2,0,-2
11,DL,SFO,ATL,ATL,1,7,-2,7
11,DL,SFO,ATL,ATL,6,5,0,5
20,AA,SFO,CLT,CLT,0,13,0,13
20,AA,SFO,CLT,CLT,20,79,95,79
20,AA,SFO,CLT,CLT,26,9,8,9
21,DL,SFO,ATL,ATL,6,-28,0,-28
21,DL,SFO,ATL,ATL,-2,-14,0,-14
21,DL,SFO,ATL,ATL,8,-14,0,-14
21,VX,SFO,LAS,LAS,5,97,79,97
21,DL,SFO,ATL,ATL,156,-13,-4,-13
21,DL,SFO,ATL,ATL,57,-18,0,-18
22,AA,SFO,MIA,MIA,-5,68,31,68
22,AA,SFO,MIA,MIA,2,2,12,2
27,AA,SFO,CLT,CLT,22,6,14,6
27,AA,SFO,CLT,CLT,1,6,14,6
27,AA,SFO,CLT,CLT,5,24,2,24
15,AA,SFO,MIA,MIA,2,-20,-1,-20
15,AA,SFO,LAX,LAX,1,-34,-7,-34
15,AA,SFO,LAX,LAX,-7,-31,-4,-31
15,AA,SFO,LAX,LAX,-7,-3,19,-3
15,AA,SFO,LAX,LAX,-3,-26,-6,-26
15,AA,SFO,LAX,LAX,-8,-43,-5,-43
15,AA,SFO,LAX,LAX,-8,-8,-4,-8
15,AA,SFO,LAX,LAX,-3,-18,-5,-18
15,AA,SFO,LAX,LAX,-3,-43,-5,-43
15,AA,SFO,LAX,LAX,-6,-18,-5,-18
17,AA,SFO,PHX,PHX,-3,2,-4,2
17,AA,SFO,PHX,PHX,-2,52,81,52
17,AA,SFO,PHX,PHX,4,36,36,36
17,AA,SFO,PHX,PHX,-1,-7,2,-7
18,VX,SFO,LAX,LAX,7,-10,8,-10
18,VX,SFO,LAX,LAX,146,102,111,102
20,AA,SFO,CLT,CLT,1,9,8,9
3,DL,SFO,ATL,ATL,0,-22,-5,-22
3,DL,SFO,ATL,ATL,-3,-23,-1,-23
3,DL,SFO,ATL,ATL,5,-25,-2,-25
6,VX,SFO,LAS,LAS,25,50,56,50
7,AA,SFO,ORD,ORD,1,19,19,19
7,AA,SFO,ORD,ORD,0,-18,-9,-18
7,AA,SFO,ORD,ORD,-6,-18,-9,-18
10,VX,SFO,LAX,LAX,-5,-7,1,-7
10,VX,SFO,LAX,LAX,-7,-7,1,-7
10,VX,SFO,LAX,LAX,3,-15,-1,-15
10,VX,SFO,LAX,LAX,-3,-15,-1,-15
10,VX,SFO,LAX,LAX,-5,-30,1,-30
12,DL,SFO,MSP,MSP,-9,-21,-3,-21
12,AA,SFO,CLT,CLT,-5,10,4,10
12,AA,SFO,CLT,CLT,-7,1,0,1
13,DL,SFO,ATL,ATL,5,-33,-5,-33
13,DL,SFO,ATL,ATL,2,-26,-4,-26
13,DL,SFO,ATL,ATL,-1,15,35,15
21,AA,SFO,DFW,DFW,14,1,9,1
23,DL,SFO,LAX,LAX,32,9,12,9
23,DL,SFO,LAX,LAX,-4,26,2,26
23,DL,SFO,LAX,LAX,-4,10,17,10
23,DL,SFO,LAX,LAX,69,20,16,20
23,DL,SFO,LAX,LAX,23,20,16,20
25,VX,SFO,LAS,LAS,-3,-36,-8,-36
26,B6,SFO,BOS,BOS,20,6,9,6
28,DL,SFO,DTW,DTW,-4,201,217,201
29,AA,SFO,PHX,PHX,1,-26,-3,-26
30,AS,SFO,SEA,SEA,-2,86,111,86
17,AA,SFO,MIA,MIA,3,-18,-1,-18
17,AA,SFO,MIA,MIA,17,52,46,52
17,AA,SFO,LAX,LAX,5,28,30,28
17,AA,SFO,MIA,MIA,10,-5,-1,-5
17,AA,SFO,LAX,LAX,-3,36,55,36
17,AA,SFO,LAX,LAX,-5,-14,0,-14
17,AA,SFO,LAX,LAX,-5,-4,-3,-4
17,AA,SFO,LAX,LAX,-3,11,-1,11
17,AA,SFO,LAX,LAX,-3,-14,0,-14
17,AA,SFO,MIA,MIA,2,7,4,7
3,VX,SFO,LAX,LAX,-5,-15,-1,-15
3,VX,SFO,LAX,LAX,27,-7,-2,-7
5,AA,SFO,PHX,PHX,-6,-4,-8,-4
5,AA,SFO,PHX,PHX,-14,1,-3,1
5,AA,SFO,PHX,PHX,-6,-7,-7,-7
6,DL,SFO,ATL,ATL,2,-24,-1,-24
6,DL,SFO,ATL,ATL,-1,-14,-1,-14
6,DL,SFO,ATL,ATL,-5,-14,-1,-14
6,DL,SFO,ATL,ATL,1,-29,-3,-29
6,DL,SFO,ATL,ATL,31,-12,-2,-12
6,DL,SFO,ATL,ATL,31,-17,-1,-17
25,AA,SFO,PHX,PHX,-3,-20,8,-20
25,AA,SFO,PHX,PHX,12,-19,19,-19
25,AA,SFO,PHX,PHX,3,-45,-11,-45
25,AA,SFO,PHX,PHX,-3,-21,16,-21
26,AS,SFO,SEA,SEA,-9,-26,-1,-26
26,AS,SFO,SEA,SEA,-5,-26,-1,-26
15,DL,SFO,MSP,MSP,0,-27,-4,-27
15,AA,SFO,CLT,CLT,-3,7,-2,7
15,AA,SFO,CLT,CLT,-4,-1,7,-1
15,AA,SFO,CLT,CLT,-3,-23,-4,-23
16,AS,SFO,SEA,SEA,-4,4,14,4
19,DL,SFO,SLC,SLC,13,-14,7,-14
10,AA,SFO,MIA,MIA,539,-7,0,-7
10,AA,SFO,MIA,MIA,0,1,-5,1
10,AA,SFO,LAX,LAX,-4,-22,-7,-22
10,AA,SFO,LAX,LAX,-4,-7,3,-7
10,AA,SFO,LAX,LAX,25,35,40,35
10,AA,SFO,LAX,LAX,25,-15,4,-15
10,AA,SFO,LAX,LAX,2,22,-7,22
10,AA,SFO,LAX,LAX,2,35,40,35
10,AA,SFO,LAX,LAX,-3,22,-7,22
10,AA,SFO,LAX,LAX,-3,35,40,35
13,VX,SFO,LAX,LAX,-3,62,89,62
13,VX,SFO,LAX,LAX,54,11,7,11
13,VX,SFO,LAX,LAX,54,42,64,42
13,VX,SFO,LAX,LAX,109,15,21,15
13,VX,SFO,LAX,LAX,13,15,21,15
13,VX,SFO,LAX,LAX,29,15,21,15
2,B6,SFO,BOS,BOS,-7,65,50,65
2,B6,SFO,BOS,BOS,-7,252,242,252
2,B6,SFO,BOS,BOS,28,7,2,7
2,B6,SFO,BOS,BOS,28,15,7,15
5,AS,SFO,SEA,SEA,-4,-23,0,-23
5,AS,SFO,SEA,SEA,-16,-23,0,-23
22,AA,SFO,LAX,LAX,2,-16,2,-16
22,AA,SFO,LAX,LAX,6,16,13,16
22,AA,SFO,LAX,LAX,61,0,-7,0
22,AA,SFO,LAX,LAX,61,75,67,75
24,AA,SFO,CLT,CLT,-1,31,20,31
30,AA,SFO,CLT,CLT,-5,24,27,24
30,AA,SFO,CLT,CLT,7,12,17,12
30,AA,SFO,CLT,CLT,-1,-5,-1,-5
31,DL,SFO,LAX,LAX,-1,-16,29,-16
31,DL,SFO,LAX,LAX,46,-38,-1,-38
31,DL,SFO,LAX,LAX,-9,-38,-1,-38
7,AS,SFO,SEA,SEA,11,-45,6,-45
7,AS,SFO,SEA,SEA,-8,-45,6,-45
10,B6,SFO,BOS,BOS,-6,-17,1,-17
10,B6,SFO,BOS,BOS,29,-2,-3,-2
2,B6,SFO,LAS,LAS,-4,9,5,9
2,B6,SFO,FLL,FLL,11,36,39,36
2,B6,SFO,FLL,FLL,11,138,132,138
2,B6,SFO,FLL,FLL,1,-5,2,-5
5,DL,SFO,ATL,ATL,-3,-28,-2,-28
5,DL,SFO,ATL,ATL,-5,-18,-1,-18
5,DL,SFO,ATL,ATL,-5,-23,-1,-23
5,DL,SFO,ATL,ATL,-2,-17,-3,-17
7,AA,SFO,DFW,DFW,-6,-1,2,-1
7,AA,SFO,DFW,DFW,0,3,-4,3
9,AA,SFO,ORD,ORD,-7,-14,-5,-14
9,AA,SFO,ORD,ORD,-6,-13,-2,-13
9,AA,SFO,ORD,ORD,-2,-13,-2,-13
15,AS,SFO,SEA,SEA,-11,-38,-5,-38
15,AS,SFO,SEA,SEA,-10,-38,-5,-38
16,DL,SFO,LAX,LAX,0,11,20,11
16,DL,SFO,LAX,LAX,9,-18,0,-18
16,DL,SFO,LAX,LAX,-2,-18,0,-18
16,DL,SFO,LAX,LAX,39,-36,-5,-36
16,DL,SFO,LAX,LAX,5,-28,-1,-28
16,DL,SFO,LAX,LAX,5,-26,-1,-26
10,DL,SFO,LAX,LAX,2,-13,6,-13
10,DL,SFO,LAX,LAX,131,-24,5,-24
10,DL,SFO,LAX,LAX,39,-24,5,-24
10,DL,SFO,LAX,LAX,2,-16,1,-16
12,DL,SFO,ATL,ATL,-2,2,3,2
12,DL,SFO,ATL,ATL,0,-25,-3,-25
12,DL,SFO,ATL,ATL,-3,-19,0,-19
12,DL,SFO,ATL,ATL,-8,5,-3,5
26,B6,SFO,FLL,FLL,2,-15,-6,-15
26,B6,SFO,FLL,FLL,2,-4,0,-4
29,AS,SFO,SEA,SEA,-6,-17,3,-17
16,AA,SFO,ORD,ORD,2,-21,-4,-21
16,AA,SFO,ORD,ORD,-2,-23,-8,-23
16,B6,SFO,FLL,FLL,121,35,39,35
16,AA,SFO,ORD,ORD,-2,-23,-8,-23
16,B6,SFO,FLL,FLL,0,28,29,28
17,DL,SFO,DTW,DTW,1,35,55,35
19,VX,SFO,LAX,LAX,23,-41,-1,-41
19,VX,SFO,LAX,LAX,9,-41,-1,-41
19,VX,SFO,LAX,LAX,11,-21,4,-21
19,VX,SFO,LAX,LAX,11,26,36,26
19,VX,SFO,LAX,LAX,-3,9,15,9
19,VX,SFO,LAX,LAX,10,36,23,36
1,AA,SFO,DFW,DFW,-7,63,46,63
1,AA,SFO,DFW,DFW,15,21,21,21
2,AA,SFO,CLT,CLT,-7,-14,-2,-14
2,AA,SFO,CLT,CLT,-5,17,8,17
2,AA,SFO,CLT,CLT,12,2,13,2
2,AA,SFO,CLT,CLT,-3,-20,-3,-20
3,DL,SFO,LAX,LAX,-4,1,4,1
3,DL,SFO,LAX,LAX,-6,1,4,1
3,DL,SFO,LAX,LAX,147,4,14,4
3,DL,SFO,LAX,LAX,147,-13,-2,-13
3,DL,SFO,LAX,LAX,90,-13,-2,-13
3,DL,SFO,LAX,LAX,89,-15,0,-15
3,DL,SFO,LAX,LAX,89,4,14,4
6,B6,SFO,BOS,BOS,4,-2,10,-2
6,B6,SFO,BOS,BOS,7,-9,-3,-9
6,B6,SFO,BOS,BOS,7,-26,-10,-26
20,DL,SFO,ATL,ATL,68,-6,10,-6
20,DL,SFO,ATL,ATL,14,-6,10,-6
21,B6,SFO,BOS,BOS,-3,-8,1,-8
21,B6,SFO,BOS,BOS,177,-6,-2,-6
24,VX,SFO,LAX,LAX,18,-45,-3,-45
24,VX,SFO,LAX,LAX,11,-15,10,-15
24,VX,SFO,LAX,LAX,15,-8,6,-8
24,VX,SFO,LAX,LAX,61,-8,6,-8
14,B6,SFO,BOS,BOS,-8,194,195,194
14,B6,SFO,BOS,BOS,13,67,62,67
14,B6,SFO,BOS,BOS,13,69,68,69
14,B6,SFO,BOS,BOS,13,133,124,133
14,B6,SFO,BOS,BOS,-1,2,-1,2
17,AS,SFO,SEA,SEA,9,-27,0,-27
17,AS,SFO,SEA,SEA,-8,-27,0,-27
18,DL,SFO,LAX,LAX,-1,15,40,15
18,DL,SFO,LAX,LAX,5,-13,9,-13
18,DL,SFO,LAX,LAX,74,8,34,8
18,DL,SFO,LAX,LAX,91,8,34,8
18,DL,SFO,LAX,LAX,127,-7,16,-7
18,DL,SFO,LAX,LAX,81,-7,16,-7
20,DL,SFO,ATL,ATL,5,-7,1,-7
20,DL,SFO,ATL,ATL,14,12,21,12
20,DL,SFO,ATL,ATL,9,8,18,8
2,AA,SFO,ORD,ORD,-3,,16,
2,AA,SFO,ORD,ORD,13,57,31,57
2,AA,SFO,ORD,ORD,-4,57,31,57
5,VX,SFO,LAX,LAX,-5,-7,-4,-7
5,VX,SFO,LAX,LAX,-2,-7,-4,-7
5,VX,SFO,LAX,LAX,-3,2,-1,2
8,AA,SFO,PHX,PHX,-7,9,-3,9
8,AA,SFO,PHX,PHX,-6,27,10,27
8,AA,SFO,PHX,PHX,-1,-6,-6,-6
9,AS,SFO,SEA,SEA,16,-26,5,-26
12,AA,SFO,ORD,ORD,-2,-18,-5,-18
12,B6,SFO,FLL,FLL,-3,15,15,15
12,B6,SFO,FLL,FLL,-3,-3,-1,-3
12,AA,SFO,ORD,ORD,-7,-18,-5,-18
12,B6,SFO,FLL,FLL,12,7,-3,7
1,DL,SFO,MSP,MSP,-1,-18,0,-18
15,B6,SFO,LAS,LAS,-7,-14,7,-14
16,AA,SFO,MIA,MIA,2,-7,-5,-7
16,AA,SFO,LAX,LAX,0,19,8,19
16,AA,SFO,LAX,LAX,0,-19,-4,-19
16,AA,SFO,LAX,LAX,-3,-27,3,-27
16,AA,SFO,LAX,LAX,-3,-14,-6,-14
16,AA,SFO,LAX,LAX,-3,-12,-3,-12
16,AA,SFO,LAX,LAX,-3,-27,3,-27
16,AA,SFO,LAX,LAX,-4,-12,-3,-12
18,AA,SFO,PHX,PHX,-3,-6,-2,-6
18,AA,SFO,PHX,PHX,0,-3,-1,-3
18,AA,SFO,PHX,PHX,4,35,19,35
18,AA,SFO,PHX,PHX,-3,-15,6,-15
19,AA,SFO,ORD,ORD,21,3,2,3
19,AA,SFO,ORD,ORD,3,3,2,3
27,VX,SFO,LAX,LAX,125,-9,3,-9
27,VX,SFO,LAX,LAX,2,-1,12,-1
27,VX,SFO,LAX,LAX,86,-1,2,-1
29,AA,SFO,CLT,CLT,-1,2,6,2
29,AA,SFO,CLT,CLT,-3,49,51,49
29,AA,SFO,CLT,CLT,-3,19,7,19
29,AA,SFO,CLT,CLT,-2,29,33,29
30,DL,SFO,ATL,ATL,14,41,58,41
30,DL,SFO,ATL,ATL,3,8,27,8
30,DL,SFO,ATL,ATL,3,148,172,148
30,DL,SFO,ATL,ATL,5,-3,14,-3
3,AA,SFO,PHX,PHX,-10,0,4,0
3,AA,SFO,PHX,PHX,12,-1,-1,-1
3,AA,SFO,PHX,PHX,4,14,9,14
4,VX,SFO,LAX,LAX,0,-17,4,-17
4,VX,SFO,LAX,LAX,-2,-17,4,-17
4,VX,SFO,LAX,LAX,-4,14,-2,14
4,VX,SFO,LAX,LAX,-4,1,-2,1
4,VX,SFO,LAX,LAX,-7,1,-2,1
7,DL,SFO,ATL,ATL,-1,-19,2,-19
7,DL,SFO,ATL,ATL,0,-13,0,-13
7,DL,SFO,ATL,ATL,-1,-13,0,-13
7,DL,SFO,ATL,ATL,-4,-22,-1,-22
7,DL,SFO,ATL,ATL,12,-17,0,-17
10,B6,SFO,FLL,FLL,55,-5,5,-5
10,B6,SFO,LAS,LAS,45,-27,-2,-27
11,AA,SFO,MIA,MIA,0,15,-6,15
11,AA,SFO,LAX,LAX,62,7,22,7
11,AA,SFO,LAX,LAX,3,-15,-2,-15
11,AA,SFO,LAX,LAX,3,-17,-1,-17
11,AA,SFO,LAX,LAX,6,-15,-1,-15
12,AA,SFO,DFW,DFW,-7,-19,4,-19
12,AA,SFO,DFW,DFW,-5,-8,4,-8
13,AA,SFO,PHX,PHX,118,-14,-5,-14
13,AA,SFO,PHX,PHX,-3,-16,-5,-16
13,AA,SFO,PHX,PHX,70,-15,-1,-15
13,AA,SFO,PHX,PHX,22,-15,-1,-15
20,AA,SFO,ORD,ORD,-5,-16,0,-16
23,B6,SFO,FLL,FLL,169,105,75,105
23,B6,SFO,FLL,FLL,14,12,-5,12
23,B6,SFO,FLL,FLL,14,5,6,5
26,B6,SFO,LAS,LAS,-1,10,11,10
26,B6,SFO,LAS,LAS,2,0,-2,0
3,B6,SFO,BOS,BOS,-2,-13,-2,-13
3,B6,SFO,BOS,BOS,77,-3,-2,-3
9,AA,SFO,CLT,CLT,2,-9,-6,-9
9,AA,SFO,CLT,CLT,-8,-9,-6,-9
9,AA,SFO,CLT,CLT,0,-21,-7,-21
13,B6,SFO,BOS,BOS,-6,3,3,3
16,B6,SFO,LAS,LAS,4,-30,-6,-30
17,DL,SFO,LAX,LAX,-3,4,16,4
17,DL,SFO,LAX,LAX,-3,4,16,4
17,DL,SFO,LAX,LAX,5,4,16,4
17,DL,SFO,LAX,LAX,-1,-17,-7,-17
17,DL,SFO,LAX,LAX,-1,-11,-3,-11
17,DL,SFO,LAX,LAX,-5,-7,0,-7
17,DL,SFO,LAX,LAX,20,20,1,20
17,DL,SFO,LAX,LAX,20,40,25,40
19,DL,SFO,ATL,ATL,176,-12,5,-12
19,DL,SFO,ATL,ATL,10,26,35,26
19,DL,SFO,ATL,ATL,-2,1,0,1
20,AA,SFO,ORD,ORD,4,-16,0,-16
7,DL,SFO,LAX,LAX,-2,-10,-4,-10
7,DL,SFO,LAX,LAX,-2,108,109,108
7,DL,SFO,LAX,LAX,-5,-10,-4,-10
7,DL,SFO,LAX,LAX,-5,108,109,108
11,DL,SFO,DTW,DTW,2,-15,1,-15
12,AA,SFO,PHX,PHX,2,-22,10,-22
12,AA,SFO,PHX,PHX,-8,-43,-3,-43
12,AA,SFO,PHX,PHX,-5,-22,-6,-22
13,AS,SFO,SEA,SEA,11,-18,-3,-18
13,AS,SFO,SEA,SEA,-12,-18,-3,-18
4,AA,SFO,PHX,PHX,-8,24,0,24
4,AA,SFO,PHX,PHX,17,-11,-4,-11
4,AA,SFO,PHX,PHX,-7,4,-7,4
4,AA,SFO,PHX,PHX,-5,-5,-4,-5
5,DL,SFO,LAX,LAX,-4,16,-3,16
5,DL,SFO,LAX,LAX,2,47,64,47
7,VX,SFO,LAX,LAX,-5,1,-5,1
7,VX,SFO,LAX,LAX,-1,1,-5,1
8,AA,SFO,DFW,DFW,-8,15,0,15
8,AA,SFO,DFW,DFW,0,-15,-4,-15
10,AA,SFO,ORD,ORD,-4,-10,0,-10
10,AA,SFO,ORD,ORD,-3,-14,-7,-14
10,AA,SFO,ORD,ORD,-1,-14,-7,-14
13,B6,SFO,LAS,LAS,-5,-17,-5,-17
13,B6,SFO,FLL,FLL,206,-15,-3,-15
27,DL,SFO,LAX,LAX,114,22,35,22
27,DL,SFO,LAX,LAX,-4,22,35,22
27,DL,SFO,LAX,LAX,-6,51,72,51
27,DL,SFO,LAX,LAX,99,24,12,24
29,VX,SFO,LAS,LAS,8,-9,13,-9
29,VX,SFO,LAS,LAS,-2,-9,13,-9
30,B6,SFO,BOS,BOS,33,-3,2,-3
1,DL,SFO,SLC,SLC,-6,0,-2,0
1,B6,SFO,BOS,BOS,-7,13,0,13
1,B6,SFO,BOS,BOS,-3,18,20,18
1,B6,SFO,BOS,BOS,-3,-12,-9,-12
1,B6,SFO,BOS,BOS,-3,27,-4,27
4,B6,SFO,LAS,LAS,-1,-3,0,-3
4,B6,SFO,LAS,LAS,15,-5,-6,-5
7,AA,SFO,PHX,PHX,3,2,-4,2
7,AA,SFO,PHX,PHX,-5,13,1,13
7,AA,SFO,PHX,PHX,-7,3,-1,3
10,VX,SFO,LAS,LAS,-3,-8,6,-8
11,AA,SFO,ORD,ORD,0,-14,-2,-14
11,AA,SFO,ORD,ORD,0,-14,11,-14
14,B6,SFO,LAS,LAS,-6,-21,4,-21
14,B6,SFO,FLL,FLL,13,67,67,67
14,B6,SFO,FLL,FLL,8,-4,-5,-4
16,AA,SFO,DFW,DFW,-3,-25,0,-25
16,AA,SFO,DFW,DFW,-1,-17,3,-17
17,DL,SFO,ATL,ATL,2,-9,-2,-9
17,DL,SFO,ATL,ATL,1,44,52,44
17,DL,SFO,ATL,ATL,-2,23,57,23
17,VX,SFO,LAS,LAS,-4,6,21,6
17,DL,SFO,ATL,ATL,20,-8,5,-8
21,AA,SFO,ORD,ORD,0,-9,2,-9
21,AA,SFO,ORD,ORD,18,21,23,21
21,B6,SFO,FLL,FLL,306,36,42,36
24,AS,SFO,SEA,SEA,-6,-7,7,-7
26,AA,SFO,DFW,DFW,-2,31,35,31
26,AA,SFO,DFW,DFW,-2,93,-3,93
26,AA,SFO,DFW,DFW,912,93,-3,93
7,VX,SFO,LAS,LAS,-3,13,8,13
8,AA,SFO,MIA,MIA,-1,-10,2,-10
8,AA,SFO,LAX,LAX,-7,-13,-4,-13
8,AA,SFO,LAX,LAX,14,-10,-3,-10
8,AA,SFO,LAX,LAX,14,23,22,23
8,AA,SFO,LAX,LAX,34,60,73,60
8,AA,SFO,LAX,LAX,-3,-20,-9,-20
8,AA,SFO,LAX,LAX,-3,9,-2,9
8,AA,SFO,LAX,LAX,-5,-2,-6,-2
8,AA,SFO,LAX,LAX,-5,-20,-9,-20
8,AA,SFO,LAX,LAX,-8,-2,-6,-2
10,AA,SFO,PHX,PHX,-5,-17,-3,-17
10,AA,SFO,PHX,PHX,-7,8,-2,8
10,AA,SFO,PHX,PHX,-4,-29,-5,-29
11,VX,SFO,LAX,LAX,0,-53,-4,-53
11,VX,SFO,LAX,LAX,-5,-53,-4,-53
11,VX,SFO,LAX,LAX,-4,-20,-3,-20
11,VX,SFO,LAX,LAX,-4,12,49,12
11,VX,SFO,LAX,LAX,-1,-20,-3,-20
11,VX,SFO,LAX,LAX,30,-16,0,-16
11,VX,SFO,LAX,LAX,-4,-16,0,-16
11,VX,SFO,LAX,LAX,-1,-16,0,-16
14,DL,SFO,ATL,ATL,0,73,62,73
1,AS,SFO,SEA,SEA,-11,-2,-3,-2
4,DL,SFO,ATL,ATL,-3,2,26,2
4,DL,SFO,ATL,ATL,0,-20,9,-20
4,DL,SFO,ATL,ATL,-1,-20,9,-20
4,DL,SFO,ATL,ATL,0,-25,-1,-25
4,DL,SFO,ATL,ATL,16,-30,-2,-30
14,DL,SFO,ATL,ATL,0,26,35,26
14,DL,SFO,ATL,ATL,-1,0,0,0
14,DL,SFO,ATL,ATL,-9,0,5,0
17,B6,SFO,FLL,FLL,5,61,85,61
18,AA,SFO,MIA,MIA,2,31,54,31
18,AA,SFO,MIA,MIA,1,60,98,60
18,AA,SFO,LAX,LAX,12,-20,-2,-20
18,AA,SFO,LAX,LAX,12,-11,0,-11
18,AA,SFO,MIA,MIA,89,-36,-7,-36
19,AA,SFO,DFW,DFW,2,6,29,6
19,AA,SFO,DFW,DFW,-3,32,-4,32
21,VX,SFO,LAX,LAX,-3,-3,8,-3
21,VX,SFO,LAX,LAX,0,-3,8,-3
21,VX,SFO,LAX,LAX,-1,-5,-7,-5
23,AA,SFO,CLT,CLT,-1,27,28,27
23,AA,SFO,CLT,CLT,-3,86,74,86
23,AA,SFO,CLT,CLT,-3,-7,1,-7
24,DL,SFO,SLC,SLC,9,-7,-4,-7
24,B6,SFO,BOS,BOS,26,-4,-4,-4
30,B6,SFO,FLL,FLL,27,-5,10,-5
30,B6,SFO,FLL,FLL,27,30,37,30
30,B6,SFO,LAS,LAS,-1,179,215,179
30,B6,SFO,FLL,FLL,475,-9,11,-9
30,B6,SFO,FLL,FLL,475,-22,2,-22
16,AA,SFO,PHX,PHX,0,-30,-3,-30
16,AA,SFO,PHX,PHX,0,-33,-8,-33
16,AA,SFO,PHX,PHX,-7,-15,0,-15
17,B6,SFO,BOS,BOS,16,-8,-5,-8
20,B6,SFO,FLL,FLL,159,105,102,105
1,AA,SFO,MIA,MIA,-3,13,0,13
1,AA,SFO,LAX,LAX,-8,-11,8,-11
1,AA,SFO,LAX,LAX,-5,10,16,10
1,AA,SFO,LAX,LAX,-5,2,18,2
1,AA,SFO,LAX,LAX,-5,6,-8,6
1,AA,SFO,LAX,LAX,-6,29,-5,29
1,AA,SFO,LAX,LAX,-6,32,32,32
1,AA,SFO,LAX,LAX,-6,29,-5,29
1,AA,SFO,LAX,LAX,-6,32,32,32
5,AA,SFO,DFW,DFW,-7,9,19,9
5,AA,SFO,DFW,DFW,-7,6,-3,6
6,AA,SFO,CLT,CLT,16,-4,-5,-4
27,AS,SFO,SEA,SEA,0,-25,8,-25
27,AS,SFO,SEA,SEA,-6,-25,8,-25
28,AA,SFO,PHX,PHX,-3,-16,-1,-16
28,AA,SFO,PHX,PHX,-5,-5,10,-5
28,AA,SFO,PHX,PHX,16,-15,3,-15
29,AA,SFO,ORD,ORD,-1,9,42,9
27,DL,SFO,MSP,MSP,-2,57,69,57
27,B6,SFO,LGB,LGB,45,125,130,125
15,VX,SFO,LAX,LAX,5,-1,23,-1
15,VX,SFO,LAX,LAX,6,-1,23,-1
15,VX,SFO,LAX,LAX,-1,-33,-4,-33
15,VX,SFO,LAX,LAX,-6,-3,8,-3
15,VX,SFO,LAX,LAX,23,-15,0,-15
15,VX,SFO,LAX,LAX,-5,-15,0,-15
18,DL,SFO,ATL,ATL,-4,-31,-5,-31
18,DL,SFO,ATL,ATL,3,31,47,31
18,DL,SFO,ATL,ATL,1,-11,3,-11
19,AA,SFO,MIA,MIA,113,-13,-5,-13
19,AA,SFO,MIA,MIA,0,-7,3,-7
20,B6,SFO,FLL,FLL,178,-3,0,-3
25,AA,SFO,DFW,DFW,-4,-23,0,-23
25,AA,SFO,DFW,DFW,5,-23,0,-23
25,AA,SFO,DFW,DFW,-5,-13,7,-13
26,AA,SFO,PHX,PHX,-7,16,-5,16
26,AA,SFO,PHX,PHX,-2,14,12,14
26,AA,SFO,PHX,PHX,-3,-8,2,-8
2,AA,SFO,DFW,DFW,-8,,3,
2,AA,SFO,DFW,DFW,-6,17,-1,17
4,DL,SFO,LAX,LAX,47,-9,-2,-9
4,DL,SFO,LAX,LAX,-5,-9,-2,-9
4,DL,SFO,LAX,LAX,-2,1,33,1
4,DL,SFO,LAX,LAX,-1,-22,-7,-22
4,DL,SFO,LAX,LAX,-1,1,33,1
4,DL,SFO,LAX,LAX,19,16,-5,16
4,DL,SFO,LAX,LAX,10,-8,-7,-8
4,DL,SFO,LAX,LAX,2,-9,-9,-9
4,DL,SFO,LAX,LAX,2,-8,-7,-8
4,DL,SFO,LAX,LAX,16,-9,-9,-9
7,B6,SFO,BOS,BOS,5,-13,-6,-13
7,B6,SFO,BOS,BOS,5,1,2,1
8,DL,SFO,ATL,ATL,0,-19,9,-19
8,DL,SFO,ATL,ATL,-3,11,1,11
8,DL,SFO,ATL,ATL,-2,11,1,11
8,DL,SFO,ATL,ATL,-1,1,19,1
8,DL,SFO,ATL,ATL,-3,-10,1,-10
9,DL,SFO,LAX,LAX,0,32,40,32
9,DL,SFO,LAX,LAX,11,32,40,32
9,DL,SFO,LAX,LAX,23,-8,-9,-8
9,DL,SFO,LAX,LAX,8,4,-1,4
9,DL,SFO,LAX,LAX,25,16,27,16
11,VX,SFO,LAS,LAS,2,-35,-4,-35
12,AA,SFO,MIA,MIA,-2,-16,-8,-16
12,AA,SFO,LAX,LAX,-5,-20,-3,-20
12,AA,SFO,LAX,LAX,5,-7,-4,-7
12,AA,SFO,LAX,LAX,5,-12,-2,-12
12,AA,SFO,LAX,LAX,-1,-21,-6,-21
12,AA,SFO,LAX,LAX,-1,4,-5,4
12,AA,SFO,LAX,LAX,-6,-15,-8,-15
12,AA,SFO,LAX,LAX,-6,-21,-6,-21
12,AA,SFO,LAX,LAX,17,-15,-8,-15
13,DL,SFO,DTW,DTW,7,17,28,17
7,B6,SFO,BOS,BOS,26,-5,-1,-5
10,AS,SFO,SEA,SEA,-9,-20,-2,-20
11,DL,SFO,LAX,LAX,221,-36,-4,-36
11,DL,SFO,LAX,LAX,17,6,39,6
11,DL,SFO,LAX,LAX,2,-44,-8,-44
11,DL,SFO,LAX,LAX,-5,-36,-4,-36
11,DL,SFO,LAX,LAX,-4,-6,-2,-6
11,DL,SFO,LAX,LAX,-4,-27,0,-27
11,DL,SFO,LAX,LAX,17,-6,-2,-6
18,DL,SFO,DTW,DTW,-1,55,66,55
19,AA,SFO,PHX,PHX,0,1,33,1
19,AA,SFO,PHX,PHX,-2,-14,2,-14
19,AA,SFO,PHX,PHX,-4,-26,-3,-26
19,AA,SFO,PHX,PHX,-3,-20,0,-20
20,VX,SFO,LAX,LAX,4,-13,8,-13
20,VX,SFO,LAX,LAX,24,2,20,2
20,VX,SFO,LAX,LAX,42,2,20,2
20,VX,SFO,LAX,LAX,35,-2,5,-2
20,VX,SFO,LAX,LAX,78,14,28,14
20,VX,SFO,LAX,LAX,34,14,28,14
21,DL,SFO,LAX,LAX,-2,-34,0,-34
21,DL,SFO,LAX,LAX,241,54,75,54
21,DL,SFO,LAX,LAX,-3,19,41,19
21,DL,SFO,LAX,LAX,103,3,28,3
21,DL,SFO,LAX,LAX,183,16,17,16
21,DL,SFO,LAX,LAX,183,9,6,9
21,DL,SFO,LAX,LAX,113,16,17,16
23,DL,SFO,ATL,ATL,1,-16,-1,-16
23,DL,SFO,ATL,ATL,31,-15,3,-15
23,DL,SFO,ATL,ATL,-2,129,59,129
23,VX,SFO,LAS,LAS,8,14,4,14
23,DL,SFO,ATL,ATL,41,-13,-2,-13
23,DL,SFO,ATL,ATL,-3,-13,-2,-13
24,AA,SFO,LAX,LAX,-4,-39,-7,-39
24,AA,SFO,MIA,MIA,71,21,22,21
24,AA,SFO,LAX,LAX,-4,7,48,7
24,AA,SFO,MIA,MIA,61,-4,-5,-4
26,AA,SFO,CLT,CLT,-2,15,-1,15
27,B6,SFO,BOS,BOS,39,99,107,99
27,B6,SFO,BOS,BOS,39,187,201,187
27,B6,SFO,BOS,BOS,126,-14,-8,-14
14,VX,SFO,LAX,LAX,14,-28,0,-28
14,VX,SFO,LAX,LAX,-1,-28,0,-28
14,VX,SFO,LAX,LAX,0,40,62,40
14,VX,SFO,LAX,LAX,-6,52,66,52
14,VX,SFO,LAX,LAX,85,-12,20,-12
14,VX,SFO,LAX,LAX,25,-12,20,-12
14,VX,SFO,LAX,LAX,-4,-12,20,-12
16,AA,SFO,CLT,CLT,23,-8,-1,-8
16,AA,SFO,CLT,CLT,10,-8,-1,-8
16,B6,SFO,LGB,LGB,1,15,8,15
16,AA,SFO,CLT,CLT,-4,-15,-1,-15
17,AA,SFO,ORD,ORD,1,290,300,290
17,AA,SFO,ORD,ORD,0,69,85,69
21,AA,SFO,MIA,MIA,19,3,-3,3
21,AA,SFO,MIA,MIA,-2,-11,12,-11
21,AA,SFO,LAX,LAX,100,18,-2,18
21,AA,SFO,MIA,MIA,39,-9,-2,-9
22,AA,SFO,DFW,DFW,-5,14,24,14
24,DL,SFO,LAX,LAX,-3,4,44,4
24,DL,SFO,LAX,LAX,3,15,42,15
26,AA,SFO,CLT,CLT,-8,53,56,53
26,B6,SFO,LGB,LGB,-6,19,11,19
27,AA,SFO,LAX,LAX,0,0,-5,0
27,AA,SFO,LAX,LAX,0,0,10,0
27,AA,SFO,MIA,MIA,45,37,30,37
27,AA,SFO,MIA,MIA,9,100,117,100
27,AA,SFO,LAX,LAX,-4,-4,7,-4
27,AA,SFO,LAX,LAX,-4,-11,-3,-11
27,AA,SFO,MIA,MIA,40,-18,-1,-18
30,VX,SFO,LAX,LAX,-3,-23,4,-23
30,VX,SFO,LAX,LAX,0,-23,4,-23
30,VX,SFO,LAX,LAX,0,1,3,1
30,VX,SFO,LAX,LAX,-3,-14,-1,-14
30,VX,SFO,LAX,LAX,38,6,16,6
30,VX,SFO,LAX,LAX,26,6,16,6
30,VX,SFO,LAX,LAX,2,-10,26,-10
31,AA,SFO,DFW,DFW,5,-32,-1,-32
31,AA,SFO,DFW,DFW,-4,-10,1,-10
3,AS,SFO,SEA,SEA,35,-8,-3,-8
5,DL,SFO,MSP,MSP,-4,-11,2,-11
7,DL,SFO,LAX,LAX,39,18,4,18
7,DL,SFO,LAX,LAX,-2,-9,-11,-9
7,DL,SFO,LAX,LAX,18,-4,-11,-4
14,DL,SFO,LAX,LAX,108,-10,13,-10
14,DL,SFO,LAX,LAX,39,-10,13,-10
14,DL,SFO,LAX,LAX,0,-10,13,-10
14,DL,SFO,LAX,LAX,2,-4,10,-4
14,DL,SFO,LAX,LAX,0,-30,0,-30
14,DL,SFO,LAX,LAX,60,-31,0,-31
14,DL,SFO,LAX,LAX,-3,-35,-1,-35
14,DL,SFO,LAX,LAX,4,-39,1,-39
14,DL,SFO,LAX,LAX,4,-35,-1,-35
16,DL,SFO,ATL,ATL,-1,-29,-1,-29
16,DL,SFO,ATL,ATL,2,-21,0,-21
16,DL,SFO,ATL,ATL,-1,-21,0,-21
16,DL,SFO,ATL,ATL,0,-30,-1,-30
16,DL,SFO,ATL,ATL,74,-17,-4,-17
19,B6,SFO,LAS,LAS,-3,-1,5,-1
20,AA,SFO,LAX,LAX,-6,-26,1,-26
20,AA,SFO,LAX,LAX,28,17,-1,17
20,AA,SFO,LAX,LAX,28,5,5,5
22,AA,SFO,PHX,PHX,-1,61,30,61
22,AA,SFO,PHX,PHX,17,39,31,39
22,AA,SFO,PHX,PHX,30,-7,-3,-7
22,AA,SFO,PHX,PHX,86,8,3,8
23,VX,SFO,LAX,LAX,-4,91,85,91
23,VX,SFO,LAX,LAX,1,91,85,91
23,VX,SFO,LAX,LAX,5,1,2,1
23,VX,SFO,LAX,LAX,-2,57,45,57
23,VX,SFO,LAX,LAX,36,13,32,13
23,VX,SFO,LAX,LAX,2,13,32,13
23,VX,SFO,LAX,LAX,-2,8,18,8
23,VX,SFO,LAX,LAX,-2,13,32,13
25,DL,SFO,MSP,MSP,11,3,8,3
26,DL,SFO,ATL,ATL,-5,9,14,9
26,DL,SFO,ATL,ATL,36,-6,-1,-6
26,DL,SFO,ATL,ATL,0,-9,8,-9
26,VX,SFO,LAS,LAS,10,-10,-5,-10
20,B6,SFO,BOS,BOS,76,39,48,39
14,AA,SFO,MIA,MIA,-3,34,35,34
14,AA,SFO,LAX,LAX,-8,-22,-5,-22
14,AA,SFO,LAX,LAX,-14,-40,-2,-40
14,AA,SFO,LAX,LAX,-14,6,15,6
14,AA,SFO,LAX,LAX,-6,-40,-2,-40
15,AA,SFO,DFW,DFW,-2,-10,-1,-10
15,AA,SFO,DFW,DFW,-2,363,387,363
15,AA,SFO,DFW,DFW,-2,363,387,363
20,B6,SFO,BOS,BOS,-1,39,36,39
3,B6,SFO,LAS,LAS,-5,3,-2,3
3,B6,SFO,LAS,LAS,98,25,17,25
3,B6,SFO,FLL,FLL,55,-21,-7,-21
4,AA,SFO,MIA,MIA,-1,11,18,11
4,AA,SFO,LAX,LAX,-1,56,58,56
4,AA,SFO,LAX,LAX,-4,-13,-6,-13
4,AA,SFO,LAX,LAX,-4,10,28,10
4,AA,SFO,LAX,LAX,-2,4,17,4
4,AA,SFO,LAX,LAX,-2,13,-6,13
4,AA,SFO,LAX,LAX,2,-9,-4,-9
4,AA,SFO,LAX,LAX,2,4,17,4
4,AA,SFO,LAX,LAX,-5,-9,-4,-9
6,AA,SFO,PHX,PHX,-4,12,9,12
6,AA,SFO,PHX,PHX,18,6,-1,6
6,AA,SFO,PHX,PHX,-3,-1,2,-1
6,AA,SFO,PHX,PHX,8,-8,-1,-8
7,VX,SFO,LAX,LAX,-3,7,-3,7
7,VX,SFO,LAX,LAX,10,7,-3,7
7,VX,SFO,LAX,LAX,68,12,-4,12
7,VX,SFO,LAX,LAX,-3,12,-4,12
28,B6,SFO,BOS,BOS,-5,-3,1,-3
28,B6,SFO,BOS,BOS,-10,-1,6,-1
29,DL,SFO,DTW,DTW,3,91,104,91
31,AS,SFO,SEA,SEA,88,-30,-8,-30
21,B6,SFO,LAS,LAS,-1,-9,-1,-9
23,AA,SFO,DFW,DFW,-2,70,33,70
23,AA,SFO,DFW,DFW,56,162,58,162
23,AA,SFO,DFW,DFW,-2,162,58,162
23,AA,SFO,DFW,DFW,22,162,58,162
25,DL,SFO,LAX,LAX,-1,81,78,81
25,DL,SFO,LAX,LAX,-2,90,121,90
25,DL,SFO,LAX,LAX,68,-14,1,-14
8,AA,SFO,ORD,ORD,-6,-6,-4,-6
8,AA,SFO,ORD,ORD,3,-20,-4,-20
8,AA,SFO,ORD,ORD,-7,-20,-4,-20
11,B6,SFO,FLL,FLL,-1,-4,-13,-4
11,B6,SFO,FLL,FLL,-1,2,-5,2
11,B6,SFO,LAS,LAS,75,3,25,3
14,AA,SFO,PHX,PHX,0,-20,4,-20
14,AA,SFO,PHX,PHX,-5,78,33,78
18,AA,SFO,ORD,ORD,0,-7,-4,-7
18,AA,SFO,ORD,ORD,16,49,-6,49
30,AA,SFO,DFW,DFW,13,-13,-3,-13
30,AA,SFO,DFW,DFW,-5,-19,-2,-19
25,VX,SFO,LAX,LAX,3,-35,0,-35
25,VX,SFO,LAX,LAX,-2,-35,0,-35
25,VX,SFO,LAX,LAX,-1,-20,2,-20
25,VX,SFO,LAX,LAX,25,-33,-3,-33
25,VX,SFO,LAX,LAX,-1,-33,-3,-33
25,VX,SFO,LAX,LAX,-5,-11,0,-11
25,VX,SFO,LAX,LAX,6,-11,0,-11
27,AA,SFO,PHX,PHX,-4,0,1,0
27,AA,SFO,PHX,PHX,4,3,-1,3
27,AA,SFO,PHX,PHX,3,11,9,11
27,AA,SFO,PHX,PHX,-4,-12,3,-12
28,DL,SFO,ATL,ATL,11,8,27,8
28,DL,SFO,ATL,ATL,1,7,15,7
28,DL,SFO,ATL,ATL,-1,324,351,324
28,DL,SFO,ATL,ATL,159,-4,-2,-4
31,B6,SFO,LAS,LAS,-8,-37,0,-37
31,B6,SFO,FLL,FLL,-4,0,6,0
31,B6,SFO,FLL,FLL,-4,49,57,49
31,B6,SFO,LAS,LAS,12,-35,-5,-35
31,B6,SFO,FLL,FLL,-11,-12,-2,-12
31,B6,SFO,FLL,FLL,-11,0,15,0
8,AS,SFO,SEA,SEA,30,-6,27,-6
17,DL,SFO,MSP,MSP,25,26,24,26
17,AA,SFO,CLT,CLT,-4,0,0,0
17,AA,SFO,CLT,CLT,-2,13,25,13
17,AA,SFO,CLT,CLT,-1,0,-1,0
17,AA,SFO,CLT,CLT,20,0,0,0
17,AA,SFO,CLT,CLT,20,-18,-3,-18
18,AS,SFO,SEA,SEA,9,-45,3,-45
6,DL,SFO,LAX,LAX,-1,-4,9,-4
6,DL,SFO,LAX,LAX,-3,-4,9,-4
6,DL,SFO,LAX,LAX,88,-2,-1,-2
6,DL,SFO,LAX,LAX,58,-2,-1,-2
6,DL,SFO,LAX,LAX,3,7,-6,7
6,DL,SFO,LAX,LAX,43,3,-6,3
6,DL,SFO,LAX,LAX,43,-5,-3,-5
6,DL,SFO,LAX,LAX,12,3,-6,3
6,DL,SFO,LAX,LAX,12,-5,-3,-5
20,B6,SFO,LAS,LAS,88,16,15,16
23,AA,SFO,PHX,PHX,-2,13,4,13
23,AA,SFO,PHX,PHX,-6,19,8,19
23,AA,SFO,PHX,PHX,2,-14,12,-14
24,AA,SFO,ORD,ORD,6,153,177,153
24,AA,SFO,ORD,ORD,5,-17,0,-17
24,AA,SFO,ORD,ORD,9,-17,0,-17
28,B6,SFO,LAS,LAS,1,-33,-10,-33
28,B6,SFO,FLL,FLL,20,-7,-2,-7
28,B6,SFO,FLL,FLL,20,-7,5,-7
28,B6,SFO,LAS,LAS,-1,-11,-1,-11
28,B6,SFO,FLL,FLL,4,-19,-7,-19
28,B6,SFO,FLL,FLL,4,-7,-7,-7
31,DL,SFO,ATL,ATL,-2,-20,0,-20
31,DL,SFO,ATL,ATL,7,-16,-3,-16
31,DL,SFO,ATL,ATL,-6,-16,-3,-16
31,DL,SFO,ATL,ATL,-4,-16,3,-16
31,DL,SFO,ATL,ATL,3,-7,9,-7
5,AA,SFO,CLT,CLT,-5,-11,2,-11
5,AA,SFO,CLT,CLT,11,7,3,7
6,AS,SFO,SEA,SEA,58,-15,6,-15
6,AS,SFO,SEA,SEA,18,-15,6,-15
24,B6,SFO,FLL,FLL,50,-6,-1,-6
24,B6,SFO,FLL,FLL,50,-5,7,-5
24,B6,SFO,FLL,FLL,50,150,141,150
24,B6,SFO,FLL,FLL,-2,3,-1,3
24,B6,SFO,FLL,FLL,-2,-1,-5,-1
25,AA,SFO,MIA,MIA,5,-14,-7,-14
25,AA,SFO,MIA,MIA,-2,-28,-4,-28
25,AA,SFO,MIA,MIA,0,-6,10,-6
7,B6,SFO,LAS,LAS,33,19,3,19
7,B6,SFO,FLL,FLL,13,-15,0,-15
10,DL,SFO,ATL,ATL,-2,-6,12,-6
10,DL,SFO,ATL,ATL,-1,20,17,20
10,DL,SFO,ATL,ATL,5,20,17,20
10,DL,SFO,ATL,ATL,19,-19,-4,-19
10,DL,SFO,ATL,ATL,74,3,-2,3
13,HA,SFO,HNL,HNL,3,-13,-5,-13
13,VX,SFO,LAS,LAS,47,-14,0,-14
14,AA,SFO,ORD,ORD,-6,35,8,35
25,DL,SFO,DTW,DTW,-5,-4,0,-4
14,AA,SFO,ORD,ORD,26,21,8,21
14,AA,SFO,ORD,ORD,-2,21,8,21
17,VX,SFO,LAX,LAX,0,6,21,6
17,VX,SFO,LAX,LAX,0,6,21,6
17,VX,SFO,LAX,LAX,-2,80,82,80
17,VX,SFO,LAX,LAX,-5,-6,0,-6
17,VX,SFO,LAX,LAX,1,-17,-6,-17
19,AA,SFO,CLT,CLT,-1,28,35,28
19,AA,SFO,CLT,CLT,3,,1,
19,AA,SFO,CLT,CLT,13,89,75,89
1,DL,SFO,LAX,LAX,-3,-15,9,-15
1,DL,SFO,LAX,LAX,13,-23,7,-23
1,DL,SFO,LAX,LAX,-3,-6,-3,-6
1,DL,SFO,LAX,LAX,-3,-23,7,-23
1,DL,SFO,LAX,LAX,-4,-15,-2,-15
1,DL,SFO,LAX,LAX,-4,-26,1,-26
1,DL,SFO,LAX,LAX,-1,-15,-2,-15
3,VX,SFO,LAS,LAS,88,100,102,100
4,AA,SFO,ORD,ORD,3,2,-2,2
4,AA,SFO,ORD,ORD,-7,-1,-7,-1
4,AA,SFO,ORD,ORD,-5,-1,-7,-1
7,B6,SFO,FLL,FLL,67,-7,5,-7
18,DL,SFO,MSP,MSP,-7,-27,-2,-27
18,AA,SFO,CLT,CLT,-3,-3,9,-3
18,DL,SFO,MSP,MSP,2,-19,-2,-19
18,DL,SFO,MSP,MSP,-2,-19,-2,-19
18,AA,SFO,CLT,CLT,9,31,35,31
18,AA,SFO,CLT,CLT,16,15,23,15
18,AA,SFO,CLT,CLT,8,-5,10,-5
19,B6,SFO,BOS,BOS,51,-17,-4,-17
3,AA,SFO,MIA,MIA,6,54,50,54
3,AA,SFO,LAX,LAX,-7,-18,-5,-18
3,AA,SFO,LAX,LAX,-7,34,45,34
3,AA,SFO,LAX,LAX,-4,-9,-4,-9
3,AA,SFO,LAX,LAX,-4,-10,-5,-10
3,AA,SFO,LAX,LAX,111,-5,-1,-5
3,AA,SFO,LAX,LAX,100,-5,-1,-5
3,AA,SFO,LAX,LAX,26,-5,-1,-5
6,VX,SFO,LAX,LAX,-6,5,0,5
6,VX,SFO,LAX,LAX,52,21,10,21
6,VX,SFO,LAX,LAX,11,21,10,21
6,VX,SFO,LAX,LAX,17,6,3,6
6,VX,SFO,LAX,LAX,17,6,3,6
8,DL,SFO,MSP,MSP,-6,-7,-3,-7
8,AA,SFO,CLT,CLT,-9,-16,-3,-16
8,AA,SFO,CLT,CLT,-10,1,0,1
8,AA,SFO,CLT,CLT,-5,-16,-4,-16
9,DL,SFO,ATL,ATL,-3,-16,0,-16
9,DL,SFO,ATL,ATL,0,-18,1,-18
9,DL,SFO,ATL,ATL,-3,-18,1,-18
9,DL,SFO,ATL,ATL,9,-12,0,-12
9,DL,SFO,ATL,ATL,20,-22,-1,-22
13,AA,SFO,MIA,MIA,-2,-3,-4,-3
13,AA,SFO,LAX,LAX,3,-26,0,-26
13,AA,SFO,LAX,LAX,3,-25,-5,-25
13,AA,SFO,LAX,LAX,68,-7,-5,-7
13,AA,SFO,LAX,LAX,4,-7,-5,-7
13,AA,SFO,CLT,CLT,0,29,7,29
13,AA,SFO,CLT,CLT,27,8,15,8
14,AS,SFO,SEA,SEA,-16,-21,-2,-21
14,AS,SFO,SEA,SEA,-17,-21,-2,-21
20,B6,SFO,LAS,LAS,3,12,27,12
1,VX,SFO,LAX,LAX,13,11,35,11
1,VX,SFO,LAX,LAX,-1,-3,18,-3
1,VX,SFO,LAX,LAX,-4,7,28,7
1,VX,SFO,LAX,LAX,-9,-5,-8,-5
3,DL,SFO,MSP,MSP,-5,-7,-5,-7
3,AA,SFO,CLT,CLT,6,-10,8,-10
3,AA,SFO,CLT,CLT,80,-9,2,-9
3,AA,SFO,CLT,CLT,0,-27,-1,-27
4,AS,SFO,SEA,SEA,-5,-16,-9,-16
4,AS,SFO,SEA,SEA,-15,-16,-9,-16
27,B6,SFO,FLL,FLL,2,37,32,37
27,B6,SFO,LAS,LAS,-10,6,0,6
27,B6,SFO,FLL,FLL,14,18,7,18
28,AA,SFO,MIA,MIA,98,-2,-1,-2
28,AA,SFO,MIA,MIA,-1,-18,-5,-18
28,AA,SFO,MIA,MIA,-3,9,9,9
28,AA,SFO,LAX,LAX,74,-15,-2,-15
28,AA,SFO,LAX,LAX,-3,-15,-2,-15
28,AA,SFO,LAX,LAX,10,-7,-4,-7
28,AA,SFO,MIA,MIA,130,-5,13,-5
2,VX,SFO,LAX,LAX,-8,7,6,7
2,VX,SFO,LAX,LAX,-6,7,6,7
2,VX,SFO,LAX,LAX,-4,72,68,72
2,VX,SFO,LAX,LAX,-8,2,1,2
2,VX,SFO,LAX,LAX,-3,2,1,2
3,AA,SFO,DFW,DFW,8,50,53,50
4,AA,SFO,CLT,CLT,0,-14,-4,-14
4,AA,SFO,CLT,CLT,-4,29,-2,29
5,AA,SFO,ORD,ORD,5,-11,-7,-11
5,AA,SFO,ORD,ORD,-2,-11,-7,-11
22,DL,SFO,LAX,LAX,16,33,40,33
22,DL,SFO,LAX,LAX,11,35,55,35
22,DL,SFO,LAX,LAX,0,40,68,40
22,DL,SFO,LAX,LAX,55,4,15,4
22,DL,SFO,LAX,LAX,75,4,-1,4
22,DL,SFO,LAX,LAX,75,30,33,30
22,DL,SFO,LAX,LAX,9,4,-1,4
25,AA,SFO,ORD,ORD,5,-20,0,-20
25,AA,SFO,ORD,ORD,-3,-15,-2,-15
25,AA,SFO,ORD,ORD,-3,-15,-2,-15
14,AA,SFO,CLT,CLT,0,27,9,27
14,AA,SFO,CLT,CLT,-5,13,14,13
15,B6,SFO,BOS,BOS,-2,-8,-2,-8
15,B6,SFO,BOS,BOS,0,49,39,49
18,DL,SFO,SLC,SLC,143,-12,19,-12
19,DL,SFO,DTW,DTW,10,30,29,30
19,DL,SFO,DTW,DTW,3,23,24,23
22,VX,SFO,LAX,LAX,47,42,62,42
22,VX,SFO,LAX,LAX,0,58,76,58
22,VX,SFO,LAX,LAX,73,105,71,105
22,VX,SFO,LAX,LAX,73,27,23,27
22,VX,SFO,LAX,LAX,73,105,71,105
22,VX,SFO,LAX,LAX,2,27,23,27
22,VX,SFO,LAX,LAX,2,105,71,105
31,AA,SFO,CLT,CLT,8,-9,4,-9
31,AA,SFO,CLT,CLT,3,1,3,1
15,DL,SFO,ATL,ATL,2,-13,1,-13
15,DL,SFO,ATL,ATL,0,14,-2,14
15,DL,SFO,ATL,ATL,2,14,-2,14
15,DL,SFO,ATL,ATL,-2,-24,-3,-24
15,DL,SFO,ATL,ATL,-3,-19,-2,-19
19,AA,SFO,LAX,LAX,-2,-5,22,-5
19,AA,SFO,LAX,LAX,-8,16,19,16
9,B6,SFO,BOS,BOS,7,4,-1,4
9,B6,SFO,BOS,BOS,34,0,8,0
12,VX,SFO,LAX,LAX,-3,-30,1,-30
12,VX,SFO,LAX,LAX,-4,-30,1,-30
12,VX,SFO,LAX,LAX,-6,-11,12,-11
13,DL,SFO,LAX,LAX,-3,5,17,5
13,DL,SFO,LAX,LAX,13,-21,-3,-21
13,DL,SFO,LAX,LAX,22,-21,-3,-21
13,DL,SFO,LAX,LAX,78,10,36,10
13,DL,SFO,LAX,LAX,94,-6,14,-6
13,DL,SFO,LAX,LAX,22,-6,14,-6
13,DL,SFO,LAX,LAX,91,-9,0,-9
8,B6,SFO,BOS,BOS,-9,-5,-9,-5
8,B6,SFO,BOS,BOS,-6,-12,-2,-12
8,B6,SFO,BOS,BOS,-6,0,-3,0
9,AA,SFO,MIA,MIA,-6,-12,14,-12
9,AA,SFO,LAX,LAX,44,-25,-7,-25
9,AA,SFO,LAX,LAX,44,23,34,23
9,AA,SFO,LAX,LAX,-1,-18,-8,-18
9,AA,SFO,LAX,LAX,-1,-10,-2,-10
9,AA,SFO,LAX,LAX,30,-22,-3,-22
9,AA,SFO,LAX,LAX,30,4,-5,4
9,AA,SFO,LAX,LAX,14,29,18,29
12,DL,SFO,LAX,LAX,-2,-7,3,-7
13,AA,SFO,DFW,DFW,-5,-1,5,-1
14,DL,SFO,MSP,MSP,23,0,-4,0
14,AA,SFO,CLT,CLT,-5,5,0,5
1,AA,SFO,CLT,CLT,-2,-7,-1,-7
1,AA,SFO,CLT,CLT,-8,32,5,32
1,AA,SFO,CLT,CLT,-2,-11,-5,-11
2,AS,SFO,SEA,SEA,-8,-11,8,-11
5,B6,SFO,BOS,BOS,-5,-17,-7,-17
5,B6,SFO,BOS,BOS,-5,-14,-10,-14
8,B6,SFO,LAS,LAS,44,27,0,27
8,B6,SFO,FLL,FLL,16,-19,-5,-19
11,AA,SFO,PHX,PHX,-3,15,1,15
11,AA,SFO,PHX,PHX,99,-19,-2,-19
11,AA,SFO,PHX,PHX,2,-19,-2,-19
11,AA,SFO,PHX,PHX,-6,-30,-1,-30
15,AA,SFO,ORD,ORD,-6,-31,-4,-31
15,AA,SFO,ORD,ORD,-3,-23,-5,-23
15,B6,SFO,FLL,FLL,-2,33,48,33
15,B6,SFO,FLL,FLL,-2,73,87,73
15,AA,SFO,ORD,ORD,-6,-23,-5,-23
15,B6,SFO,FLL,FLL,-1,2,0,2
18,B6,SFO,LAS,LAS,-6,-5,6,-5
18,B6,SFO,LAS,LAS,61,-11,1,-11
20,AA,SFO,DFW,DFW,-2,-19,2,-19
20,AA,SFO,DFW,DFW,-6,13,20,13
21,AA,SFO,PHX,PHX,26,-24,-6,-24
21,AA,SFO,PHX,PHX,152,-17,4,-17
21,AA,SFO,PHX,PHX,32,-17,4,-17
22,AA,SFO,ORD,ORD,25,38,-2,38
22,AA,SFO,ORD,ORD,1,38,-2,38
25,B6,SFO,BOS,BOS,-3,-7,6,-7
25,B6,SFO,BOS,BOS,4,-5,-1,-5
25,B6,SFO,BOS,BOS,-11,-3,2,-3
25,B6,SFO,BOS,BOS,-11,-6,-4,-6
26,AA,SFO,MIA,MIA,-2,-17,-4,-17
28,B6,SFO,LGB,LGB,6,31,42,31
29,DL,SFO,SLC,SLC,295,-11,2,-11
29,B6,SFO,BOS,BOS,141,214,168,214
30,AA,SFO,LAX,LAX,-2,-36,3,-36
30,AA,SFO,LAX,LAX,-2,-19,-4,-19
30,AA,SFO,MIA,MIA,-3,10,3,10
30,AA,SFO,MIA,MIA,-8,-17,12,-17
30,AA,SFO,LAX,LAX,-5,-27,25,-27
30,AA,SFO,LAX,LAX,-5,4,21,4
30,AA,SFO,MIA,MIA,3,4,1,4
20,AA,SFO,MIA,MIA,4,9,23,9
22,B6,SFO,LAS,LAS,185,,1,
23,AA,SFO,LAX,LAX,-1,-11,-6,-11
23,AA,SFO,LAX,LAX,32,-4,-5,-4
23,AA,SFO,LAX,LAX,32,-8,11,-8
23,AA,SFO,LAX,LAX,6,-4,-5,-4
24,AA,SFO,DFW,DFW,1,-10,-3,-10
24,AA,SFO,DFW,DFW,18,8,19,8
25,AA,SFO,CLT,CLT,-1,-4,3,-4
25,AA,SFO,CLT,CLT,-1,87,95,87
25,AA,SFO,CLT,CLT,-2,-5,-1,-5
25,AA,SFO,CLT,CLT,10,27,37,27
25,AA,SFO,CLT,CLT,-2,-4,3,-4
25,AA,SFO,CLT,CLT,-2,12,27,12
26,VX,SFO,LAX,LAX,-1,3,4,3
26,VX,SFO,LAX,LAX,0,3,4,3
26,VX,SFO,LAX,LAX,-4,7,1,7
26,VX,SFO,LAX,LAX,0,20,1,20
26,VX,SFO,LAX,LAX,0,29,39,29
26,VX,SFO,LAX,LAX,36,8,8,8
4,AA,SFO,DFW,DFW,-4,-20,0,-20
4,AA,SFO,DFW,DFW,-4,-2,-1,-2
5,VX,SFO,LAS,LAS,-5,-6,-1,-6
6,AA,SFO,ORD,ORD,1,-11,-2,-11
14,AA,SFO,DFW,DFW,-1,16,9,16
16,B6,SFO,BOS,BOS,-1,-3,-4,-3
16,B6,SFO,BOS,BOS,21,44,43,44
12,B6,SFO,LAS,LAS,-7,-24,-2,-24
12,B6,SFO,LAS,LAS,25,19,2,19
15,AA,SFO,PHX,PHX,-5,-34,-1,-34
15,AA,SFO,PHX,PHX,-1,-43,-4,-43
15,AA,SFO,PHX,PHX,-5,-34,-1,-34
16,VX,SFO,LAX,LAX,1,-23,-1,-23
16,VX,SFO,LAX,LAX,4,-23,-1,-23
16,VX,SFO,LAX,LAX,-4,-24,2,-24
16,VX,SFO,LAX,LAX,-3,3,16,3
16,VX,SFO,LAX,LAX,-4,-12,2,-12
16,VX,SFO,LAX,LAX,-5,-12,2,-12
19,B6,SFO,FLL,FLL,-3,1,-2,1
19,B6,SFO,FLL,FLL,23,36,17,36
20,AA,SFO,MIA,MIA,2,10,-2,10
9,B6,SFO,LAS,LAS,-5,-12,-3,-12
9,B6,SFO,FLL,FLL,-3,-20,-3,-20
9,B6,SFO,FLL,FLL,-2,-2,-1,-2
12,AS,SFO,SEA,SEA,-5,-30,10,-30
14,AA,SFO,DFW,DFW,-3,1,14,1
10,DL,SFO,MSP,MSP,-4,-28,-3,-28
10,AA,SFO,CLT,CLT,-8,6,8,6
10,AA,SFO,CLT,CLT,0,-5,-2,-5
10,AA,SFO,CLT,CLT,19,-5,-2,-5
10,AA,SFO,CLT,CLT,0,-13,-4,-13
11,AS,SFO,SEA,SEA,-12,-46,-1,-46
11,AS,SFO,SEA,SEA,-2,-46,-1,-46
20,AA,SFO,PHX,PHX,-3,-31,6,-31
20,AA,SFO,PHX,PHX,3,3,13,3
29,VX,SFO,LAX,LAX,-3,16,48,16
29,VX,SFO,LAX,LAX,2,-11,5,-11
29,VX,SFO,LAX,LAX,3,-22,3,-22
29,VX,SFO,LAX,LAX,39,-9,14,-9
29,VX,SFO,LAX,LAX,-1,-9,14,-9
29,VX,SFO,LAX,LAX,-3,7,31,7
29,VX,SFO,LAX,LAX,11,7,31,7
31,AA,SFO,PHX,PHX,-6,3,58,3
31,AA,SFO,PHX,PHX,-4,-5,38,-5
31,AA,SFO,PHX,PHX,-3,-41,1,-41
28,VX,SFO,LAX,LAX,9,7,11,7
28,VX,SFO,LAX,LAX,12,19,-3,19
28,VX,SFO,LAX,LAX,12,31,41,31
28,VX,SFO,LAX,LAX,-6,19,-3,19
28,VX,SFO,LAX,LAX,18,9,18,9
28,VX,SFO,LAX,LAX,-3,9,18,9
28,VX,SFO,LAX,LAX,-6,7,12,7
28,VX,SFO,LAX,LAX,-6,9,18,9
28,VX,SFO,LAX,LAX,1,7,12,7
29,AA,SFO,DFW,DFW,-2,-24,2,-24
30,AA,SFO,PHX,PHX,-3,-27,2,-27
30,AA,SFO,PHX,PHX,-7,15,31,15
30,AA,SFO,PHX,PHX,-7,4,41,4
30,AA,SFO,PHX,PHX,48,-4,28,-4
31,AA,SFO,ORD,ORD,-2,4,13,4
31,AA,SFO,ORD,ORD,-7,-35,-3,-35
1,DL,SFO,ATL,ATL,-2,-7,7,-7
1,DL,SFO,ATL,ATL,0,1,7,1
1,DL,SFO,ATL,ATL,8,1,7,1
1,DL,SFO,ATL,ATL,0,-33,-1,-33
1,DL,SFO,ATL,ATL,-3,-8,20,-8
3,B6,SFO,LGB,LGB,202,10,6,10
5,AA,SFO,MIA,MIA,43,97,113,97
5,AA,SFO,MIA,MIA,-7,24,21,24
5,AA,SFO,LAX,LAX,-6,-11,-6,-11
5,AA,SFO,LAX,LAX,-4,14,4,14
5,AA,SFO,LAX,LAX,-4,-2,-5,-2
5,AA,SFO,LAX,LAX,-9,-9,-5,-9
5,AA,SFO,LAX,LAX,-10,-13,-10,-13
5,AA,SFO,LAX,LAX,-10,8,13,8
5,AA,SFO,LAX,LAX,-3,-13,-10,-13
5,AA,SFO,LAX,LAX,-3,8,13,8